"Freq [GHz]","mag(S(2,1)) [] - rhe='11.5mm'"
0.001,1.04686658839917
0.002,1.04654065151915
0.003,1.04599918511753
0.004,1.04524478609251
0.005,1.0442810392018
0.006,1.04311247789201
0.007,1.04174453107958
0.008,1.04018345946559
0.009,1.03843628362316
0.01,1.03651070552288
0.011,1.03441502741302
0.012,1.03215805490425
0.013,1.02974902026736
0.014,1.02719748909134
0.015,1.02451327257432
0.016,1.02170634228842
0.017,1.01878674856712
0.018,1.01576454349265
0.019,1.01264970928022
0.02,1.00945209267383
0.021,1.00618134578956
0.022,1.00284687367325
0.023,0.999457788683083
0.024,0.996022871667716
0.025,0.992550539788842
0.026,0.989048820734396
0.027,0.985525332985492
0.028,0.981987271735809
0.029,0.978441400015615
0.03,0.974894044542335
0.031,0.971351095803919
0.032,0.967818011878119
0.033,0.96429982549833
0.034,0.960801153892825
0.035,0.957326210947263
0.036,0.953878821268407
0.037,0.950462435758687
0.038,0.947080148345087
0.039,0.943734713540764
0.04,0.940428564552772
0.041,0.937163831683609
0.042,0.933942360807274
0.043,0.930765731731792
0.044,0.927635276289331
0.045,0.92455209602194
0.046,0.921517079355426
0.047,0.918530918175972
0.048,0.915594123743781
0.049,0.912707041895399
0.05,0.909869867501518
0.051,0.907082658160181
0.052,0.904345347116477
0.053,0.901657755409268
0.054,0.899019603253336
0.055,0.896430520671773
0.056,0.893890057398631
0.057,0.891397692075902
0.058,0.888952840771987
0.059,0.886554864851108
0.06,0.884203078224618
0.061,0.881896754016136
0.062,0.879635130672826
0.063,0.877417417555152
0.064,0.875242800037095
0.065,0.873110444148153
0.066,0.871019500787646
0.067,0.868969109540751
0.068,0.866958402124607
0.069,0.864986505491519
0.07,0.863052544615047
0.071,0.861155644983344
0.072,0.859294934822853
0.073,0.857469547074011
0.074,0.855678621139384
0.075,0.853921304423268
0.076,0.852196753680584
0.077,0.850504136191662
0.078,0.84884263077833
0.079,0.847211428675632
0.08,0.845609734272434
0.081,0.844036765733164
0.082,0.842491755512015
0.083,0.840973950770027
0.084,0.839482613704651
0.085,0.838017021800606
0.086,0.836576468010121
0.087,0.835160260869982
0.088,0.833767724562163
0.089,0.832398198924246
0.09,0.831051039415291
0.091,0.829725617042318
0.092,0.828421318252107
0.093,0.827137544792575
0.094,0.825873713547628
0.095,0.824629256349003
0.096,0.823403619768286
0.097,0.822196264891992
0.098,0.821006667082317
0.099,0.819834315725902
0.1,0.818678713972736
0.101,0.81753932569607
0.102,0.816415730042621
0.103,0.815307469751468
0.104,0.81421410022134
0.105,0.813135189225181
0.106,0.812070316623637
0.107,0.811019074078422
0.108,0.809981064766415
0.109,0.808955903095223
0.11,0.807943214420882
0.111,0.806942634768249
0.112,0.805953810554596
0.113,0.804976398316817
0.114,0.804010064442638
0.115,0.80305448490612
0.116,0.80210934500773
0.117,0.801174339119197
0.118,0.800249170433319
0.119,0.799333550718881
0.12,0.79842720008078
0.121,0.797529846725439
0.122,0.796641226731567
0.123,0.795761083826309
0.124,0.794889169166774
0.125,0.794025241126958
0.126,0.793169065090034
0.127,0.792320413245969
0.128,0.791479064394425
0.129,0.7906448037529
0.13,0.789817422770014
0.131,0.788996718943895
0.132,0.788182495645573
0.133,0.787374561947291
0.134,0.786572732455652
0.135,0.785776827149506
0.136,0.78498667122247
0.137,0.784202094930002
0.138,0.7834229334409
0.139,0.782649026693149
0.14,0.781880219253999
0.141,0.781116360184171
0.142,0.78035730290609
0.143,0.779602905076042
0.144,0.778853028460148
0.145,0.77810753881406
0.146,0.777366305766265
0.147,0.776629202704918
0.148,0.775896106668082
0.149,0.775166898237295
0.15,0.774441461434365
0.151,0.773719683621291
0.152,0.773001455403235
0.153,0.772286670534435
0.154,0.771575225826992
0.155,0.770867021062427
0.156,0.770161958905938
0.157,0.769459944823265
0.158,0.768760887000091
0.159,0.7680646962639
0.16,0.767371286008207
0.161,0.766680572119101
0.162,0.765992472904025
0.163,0.765306909022707
0.164,0.764623803420206
0.165,0.763943081261976
0.166,0.763264669870904
0.167,0.76258849866625
0.168,0.761914499104438
0.169,0.761242604621629
0.17,0.760572750578027
0.171,0.75990487420386
0.172,0.759238914546985
0.173,0.758574812422065
0.174,0.757912510361263
0.175,0.757251952566417
0.176,0.756593084862631
0.177,0.755935854653258
0.178,0.75528021087621
0.179,0.754626103961573
0.18,0.753973485790464
0.181,0.753322309655114
0.182,0.752672530220114
0.183,0.752024103484811
0.184,0.751376986746798
0.185,0.750731138566471
0.186,0.750086518732627
0.187,0.749443088229055
0.188,0.748800809202097
0.189,0.748159644929155
0.19,0.747519559788098
0.191,0.746880519227555
0.192,0.746242489738061
0.193,0.745605438824026
0.194,0.74496933497651
0.195,0.744334147646767
0.196,0.743699847220546
0.197,0.743066404993118
0.198,0.742433793145009
0.199,0.741801984718415
0.2,0.741170953594281
0.201,0.740540674470023
0.202,0.73991112283787
0.203,0.739282274963814
0.204,0.738654107867135
0.205,0.73802659930051
0.206,0.737399727730649
0.207,0.736773472319485
0.208,0.736147812905871
0.209,0.735522729987773
0.21,0.734898204704966
0.211,0.734274218822178
0.212,0.733650754712716
0.213,0.733027795342516
0.214,0.732405324254632
0.215,0.731783325554144
0.216,0.731161783893468
0.217,0.730540684458055
0.218,0.729920012952484
0.219,0.72929975558691
0.22,0.728679899063884
0.221,0.728060430565513
0.222,0.727441337740963
0.223,0.726822608694293
0.224,0.726204231972603
0.225,0.725586196554491
0.226,0.724968491838821
0.227,0.724351107633771
0.228,0.723734034146176
0.229,0.723117261971135
0.23,0.722500782081897
0.231,0.721884585820003
0.232,0.721268664885678
0.233,0.720653011328475
0.234,0.720037617538153
0.235,0.719422476235786
0.236,0.718807580465107
0.237,0.718192923584057
0.238,0.717578499256563
0.239,0.716964301444508
0.24,0.716350324399917
0.241,0.715736562657325
0.242,0.715123011026349
0.243,0.714509664584437
0.244,0.713896518669796
0.245,0.713283568874507
0.246,0.712670811037795
0.247,0.712058241239477
0.248,0.711445855793567
0.249,0.710833651242038
0.25,0.710221624348737
0.251,0.709609772093453
0.252,0.708998091666123
0.253,0.708386580461184
0.254,0.707775236072064
0.255,0.707164056285801
0.256,0.706553039077795
0.257,0.705942182606691
0.258,0.705331485209377
0.259,0.704720945396112
0.26,0.704110561845763
0.261,0.703500333401159
0.262,0.702890259064562
0.263,0.702280337993234
0.264,0.701670569495121
0.265,0.701060953024637
0.266,0.700451488178544
0.267,0.699842174691933
0.268,0.699233012434301
0.269,0.698624001405721
0.27,0.698015141733099
0.271,0.697406433666523
0.272,0.696797877575698
0.273,0.696189473946461
0.274,0.695581223377384
0.275,0.694973126576449
0.276,0.694365184357809
0.277,0.693757397638622
0.278,0.693149767435953
0.279,0.69254229486376
0.28,0.69193498112994
0.281,0.691327827533448
0.282,0.690720835461486
0.283,0.690114006386751
0.284,0.689507341864755
0.285,0.688900843531196
0.286,0.688294513099406
0.287,0.687688352357842
0.288,0.687082363167645
0.289,0.686476547460252
0.29,0.685870907235069
0.291,0.685265444557187
0.292,0.684660161555161
0.293,0.684055060418836
0.294,0.683450143397225
0.295,0.682845412796435
0.296,0.682240870977638
0.297,0.681636520355099
0.298,0.681032363394236
0.299,0.680428402609737
0.3,0.679824640563713
0.301,0.679221079863895
0.302,0.678617723161881
0.303,0.678014573151405
0.304,0.677411632566671
0.305,0.676808904180703
0.306,0.676206390803747
0.307,0.675604095281707
0.308,0.675002020494612
0.309,0.674400169355128
0.31,0.673798544807099
0.311,0.67319714982412
0.312,0.67259598740815
0.313,0.671995060588151
0.314,0.671394372418761
0.315,0.670793925979003
0.316,0.670193724371016
0.317,0.66959377071882
0.318,0.668994068167111
0.319,0.668394619880084
0.32,0.667795429040281
0.321,0.667196498847472
0.322,0.666597832517553
0.323,0.665999433281482
0.324,0.665401304384234
0.325,0.664803449083775
0.326,0.664205870650076
0.327,0.663608572364135
0.328,0.663011557517032
0.329,0.662414829409005
0.33,0.661818391348542
0.331,0.66122224665151
0.332,0.660626398640283
0.333,0.660030850642915
0.334,0.659435605992316
0.335,0.658840668025455
0.336,0.658246040082583
0.337,0.657651725506474
0.338,0.657057727641685
0.339,0.656464049833831
0.34,0.655870695428888
0.341,0.655277667772501
0.342,0.654684970209318
0.343,0.654092606082339
0.344,0.653500578732279
0.345,0.65290889149695
0.346,0.652317547710657
0.347,0.651726550703614
0.348,0.651135903801366
0.349,0.650545610324237
0.35,0.649955673586784
0.351,0.64936609689727
0.352,0.648776883557149
0.353,0.648188036860565
0.354,0.647599560093867
0.355,0.647011456535128
0.356,0.646423729453694
0.357,0.645836382109727
0.358,0.64524941775377
0.359,0.644662839626328
0.36,0.644076650957447
0.361,0.64349085496632
0.362,0.642905454860896
0.363,0.642320453837497
0.364,0.641735855080459
0.365,0.641151661761765
0.366,0.640567877040708
0.367,0.639984504063546
0.368,0.639401545963185
0.369,0.638819005858853
0.37,0.638236886855801
0.371,0.637655192045001
0.372,0.637073924502858
0.373,0.636493087290934
0.374,0.635912683455675
0.375,0.635332716028148
0.376,0.634753188023789
0.377,0.634174102442162
0.378,0.633595462266714
0.379,0.633017270464552
0.38,0.632439529986222
0.381,0.631862243765489
0.382,0.63128541471914
0.383,0.630709045746778
0.384,0.630133139730634
0.385,0.629557699535381
0.386,0.628982728007957
0.387,0.628408227977392
0.388,0.627834202254647
0.389,0.627260653632452
0.39,0.626687584885157
0.391,0.626114998768584
0.392,0.625542898019892
0.393,0.624971285357435
0.394,0.624400163480645
0.395,0.6238295350699
0.396,0.623259402786412
0.397,0.622689769272117
0.398,0.622120637149564
0.399,0.621552009021819
0.4,0.620983887472369
0.401,0.620416275065026
0.402,0.619849174343849
0.403,0.619282587833056
0.404,0.618716518036952
0.405,0.618150967439856
0.406,0.617585938506032
0.407,0.617021433679627
0.408,0.616457455384615
0.409,0.615894006024736
0.41,0.615331087983452
0.411,0.614768703623896
0.412,0.614206855288833
0.413,0.613645545300617
0.414,0.613084775961161
0.415,0.612524549551899
0.416,0.611964868333766
0.417,0.611405734547167
0.418,0.610847150411959
0.419,0.610289118127434
0.42,0.609731639872302
0.421,0.609174717804683
0.422,0.608618354062096
0.423,0.608062550761457
0.424,0.607507309999075
0.425,0.60695263385065
0.426,0.606398524371285
0.427,0.605844983595483
0.428,0.605292013537163
0.429,0.604739616189667
0.43,0.604187793525779
0.431,0.603636547497738
0.432,0.603085880037258
0.433,0.602535793055553
0.434,0.601986288443355
0.435,0.601437368070949
0.436,0.600889033788191
0.437,0.600341287424547
0.438,0.599794130789124
0.439,0.599247565670702
0.44,0.598701593837775
0.441,0.598156217038586
0.442,0.597611437001171
0.443,0.5970672554334
0.444,0.596523674023022
0.445,0.59598069443771
0.446,0.595438318325113
0.447,0.594896547312901
0.448,0.594355383008817
0.449,0.593814827000734
0.45,0.593274880856703
0.451,0.592735546125017
0.452,0.592196824334259
0.453,0.59165871699337
0.454,0.591121225591701
0.455,0.590584351599081
0.456,0.590048096465878
0.457,0.58951246162306
0.458,0.588977448482266
0.459,0.588443058435866
0.46,0.587909292857035
0.461,0.587376153099818
0.462,0.586843640499201
0.463,0.586311756371183
0.464,0.585780502012846
0.465,0.58524987870243
0.466,0.584719887699407
0.467,0.584190530244553
0.468,0.583661807560028
0.469,0.583133720849449
0.47,0.582606271297972
0.471,0.582079460072364
0.472,0.58155328832109
0.473,0.581027757174386
0.474,0.580502867744343
0.475,0.57997862112499
0.476,0.579455018392371
0.477,0.578932060604632
0.478,0.578409748802103
0.479,0.577888084007383
0.48,0.577367067225421
0.481,0.576846699443608
0.482,0.576326981631853
0.483,0.575807914742679
0.484,0.575289499711303
0.485,0.574771737455725
0.486,0.574254628876816
0.487,0.573738174858408
0.488,0.573222376267378
0.489,0.572707233953738
0.49,0.572192748750729
0.491,0.571678921474904
0.492,0.571165752926221
0.493,0.570653243888134
0.494,0.57014139512768
0.495,0.569630207395575
0.496,0.569119681426299
0.497,0.568609817938194
0.498,0.568100617633548
0.499,0.567592081198692
0.5,0.567084209304091
0.501,0.566577002604435
0.502,0.566070461738731
0.503,0.565564587330397
0.504,0.565059379987354
0.505,0.564554840302117
0.506,0.564050968851888
0.507,0.563547766198653
0.508,0.563045232889269
0.509,0.562543369455562
0.51,0.562042176414415
0.511,0.561541654267866
0.512,0.561041803503198
0.513,0.560542624593034
0.514,0.560044117995428
0.515,0.559546284153961
0.516,0.559049123497831
0.517,0.558552636441949
0.518,0.558056823387029
0.519,0.557561684719684
0.52,0.557067220812518
0.521,0.556573432024216
0.522,0.556080318699643
0.523,0.555587881169929
0.524,0.555096119752569
0.525,0.554605034751512
0.526,0.55411462645725
0.527,0.553624895146918
0.528,0.553135841084379
0.529,0.552647464520321
0.53,0.552159765692345
0.531,0.551672744825059
0.532,0.551186402130171
0.533,0.550700737806576
0.534,0.55021575204045
0.535,0.549731445005341
0.536,0.549247816862258
0.537,0.548764867759766
0.538,0.548282597834071
0.539,0.547801007209112
0.54,0.547320095996653
0.541,0.54683986429637
0.542,0.546360312195942
0.543,0.545881439771142
0.544,0.54540324708592
0.545,0.544925734192499
0.546,0.54444890113146
0.547,0.543972747931828
0.548,0.543497274611165
0.549,0.543022481175655
0.55,0.542548367620192
0.551,0.542074933928464
0.552,0.541602180073047
0.553,0.541130106015485
0.554,0.540658711706378
0.555,0.540187997085472
0.556,0.539717962081739
0.557,0.539248606613465
0.558,0.538779930588335
0.559,0.538311933903519
0.56,0.537844616445754
0.561,0.537377978091431
0.562,0.536912018706676
0.563,0.536446738147436
0.564,0.53598213625956
0.565,0.535518212878884
0.566,0.535054967831312
0.567,0.534592400932898
0.568,0.534130511989931
0.569,0.533669300799011
0.57,0.533208767147137
0.571,0.53274891081178
0.572,0.532289731560971
0.573,0.531831229153377
0.574,0.53137340333838
0.575,0.53091625385616
0.576,0.530459780437772
0.577,0.530003982805224
0.578,0.529548860671557
0.579,0.529094413740921
0.58,0.528640641708656
0.581,0.528187544261365
0.582,0.527735121076995
0.583,0.52728337182491
0.584,0.52683229616597
0.585,0.526381893752606
0.586,0.525932164228893
0.587,0.525483107230629
0.588,0.525034722385407
0.589,0.524587009312692
0.59,0.524139967623891
0.591,0.523693596922429
0.592,0.523247896803823
0.593,0.522802866855754
0.594,0.522358506658136
0.595,0.521914815783195
0.596,0.521471793795536
0.597,0.521029440252214
0.598,0.520587754702807
0.599,0.520146736689486
0.6,0.519706385747084
0.601,0.519266701403168
0.602,0.518827683178107
0.603,0.51838933058514
0.604,0.517951643130445
0.605,0.517514620313211
0.606,0.517078261625701
0.607,0.516642566553322
0.608,0.516207534574691
0.609,0.515773165161702
0.61,0.515339457779594
0.611,0.514906411887016
0.612,0.514474026936089
0.613,0.514042302372479
0.614,0.513611237635454
0.615,0.513180832157953
0.616,0.512751085366648
0.617,0.512321996682011
0.618,0.511893565518371
0.619,0.511465791283985
0.62,0.511038673381094
0.621,0.510612211205987
0.622,0.510186404149066
0.623,0.509761251594903
0.624,0.509336752922304
0.625,0.508912907504367
0.626,0.508489714708546
0.627,0.508067173896707
0.628,0.507645284425191
0.629,0.507224045644872
0.63,0.506803456901214
0.631,0.506383517534332
0.632,0.50596422687905
0.633,0.505545584264955
0.634,0.50512758901646
0.635,0.504710240452858
0.636,0.504293537888376
0.637,0.503877480632238
0.638,0.503462067988716
0.639,0.503047299257184
0.64,0.502633173732179
0.641,0.502219690703451
0.642,0.501806849456018
0.643,0.501394649270224
0.644,0.500983089421789
0.645,0.50057216918186
0.646,0.500161887817073
0.647,0.499752244589595
0.648,0.499343238757185
0.649,0.49893486957324
0.65,0.49852713628685
0.651,0.498120038142849
0.652,0.497713574381862
0.653,0.497307744240364
0.654,0.496902546950721
0.655,0.496497981741246
0.656,0.496094047836245
0.657,0.49569074445607
0.658,0.495288070817163
0.659,0.494886026132109
0.66,0.494484609609682
0.661,0.494083820454894
0.662,0.49368365786904
0.663,0.493284121049748
0.664,0.492885209191027
0.665,0.492486921483308
0.666,0.492089257113496
0.667,0.491692215265013
0.668,0.491295795117843
0.669,0.490899995848581
0.67,0.490504816630472
0.671,0.490110256633463
0.672,0.489716315024239
0.673,0.489322990966273
0.674,0.488930283619869
0.675,0.488538192142203
0.676,0.488146715687365
0.677,0.487755853406409
0.678,0.487365604447385
0.679,0.486975967955387
0.68,0.486586943072599
0.681,0.486198528938326
0.682,0.485810724689042
0.683,0.485423529458432
0.684,0.485036942377427
0.685,0.484650962574249
0.686,0.484265589174449
0.687,0.483880821300946
0.688,0.483496658074068
0.689,0.483113098611591
0.69,0.482730142028777
0.691,0.482347787438411
0.692,0.481966033950842
0.693,0.481584880674019
0.694,0.481204326713532
0.695,0.480824371172641
0.696,0.480445013152324
0.697,0.480066251751306
0.698,0.479688086066097
0.699,0.479310515191032
0.7,0.478933538218301
0.701,0.478557154237988
0.702,0.478181362338108
0.703,0.477806161604638
0.704,0.477431551121553
0.705,0.477057529970865
0.706,0.476684097232651
0.707,0.476311251985089
0.708,0.475938993304495
0.709,0.475567320265351
0.71,0.475196231940343
0.711,0.474825727400391
0.712,0.474455805714684
0.713,0.47408646595071
0.714,0.473717707174289
0.715,0.473349528449607
0.716,0.472981928839244
0.717,0.472614907404208
0.718,0.472248463203966
0.719,0.471882595296473
0.72,0.471517302738205
0.721,0.471152584584189
0.722,0.470788439888031
0.723,0.470424867701949
0.724,0.4700618670768
0.725,0.469699437062112
0.726,0.469337576706109
0.727,0.468976285055747
0.728,0.468615561156734
0.729,0.468255404053568
0.73,0.467895812789555
0.731,0.467536786406844
0.732,0.467178323946457
0.733,0.466820424448306
0.734,0.466463086951231
0.735,0.466106310493023
0.736,0.46575009411045
0.737,0.465394436839283
0.738,0.465039337714328
0.739,0.464684795769444
0.74,0.464330810037575
0.741,0.463977379550774
0.742,0.463624503340228
0.743,0.463272180436286
0.744,0.462920409868477
0.745,0.462569190665545
0.746,0.462218521855467
0.747,0.461868402465477
0.748,0.461518831522094
0.749,0.461169808051145
0.75,0.460821331077787
0.751,0.460473399626531
0.752,0.46012601272127
0.753,0.459779169385295
0.754,0.459432868641324
0.755,0.459087109511521
0.756,0.458741891017521
0.757,0.45839721218045
0.758,0.45805307202095
0.759,0.457709469559203
0.76,0.457366403814944
0.761,0.457023873807493
0.762,0.456681878555771
0.763,0.456340417078319
0.764,0.455999488393328
0.765,0.455659091518651
0.766,0.455319225471827
0.767,0.454979889270104
0.768,0.454641081930452
0.769,0.454302802469595
0.77,0.45396504990402
0.771,0.45362782325
0.772,0.453291121523618
0.773,0.452954943740782
0.774,0.452619288917244
0.775,0.452284156068624
0.776,0.451949544210421
0.777,0.451615452358041
0.778,0.451281879526808
0.779,0.450948824731986
0.78,0.450616286988797
0.781,0.45028426531244
0.782,0.449952758718104
0.783,0.449621766220995
0.784,0.449291286836343
0.785,0.448961319579428
0.786,0.448631863465592
0.787,0.448302917510259
0.788,0.447974480728951
0.789,0.447646552137304
0.79,0.447319130751087
0.791,0.446992215586213
0.792,0.446665805658766
0.793,0.446339899985004
0.794,0.446014497581384
0.795,0.445689597464578
0.796,0.445365198651481
0.797,0.445041300159235
0.798,0.444717901005241
0.799,0.444395000207175
0.8,0.444072596783
0.801,0.443750689750985
0.802,0.44342927812972
0.803,0.443108360938127
0.804,0.442787937195478
0.805,0.442468005921407
0.806,0.442148566135927
0.807,0.441829616859442
0.808,0.44151115711276
0.809,0.44119318591711
0.81,0.440875702294156
0.811,0.440558705266005
0.812,0.440242193855228
0.813,0.439926167084866
0.814,0.43961062397845
0.815,0.43929556356001
0.816,0.438980984854088
0.817,0.438666886885753
0.818,0.438353268680611
0.819,0.438040129264819
0.82,0.4377274676651
0.821,0.43741528290875
0.822,0.437103574023652
0.823,0.436792340038294
0.824,0.436481579981769
0.825,0.4361712928838
0.826,0.435861477774741
0.827,0.435552133685595
0.828,0.435243259648023
0.829,0.434934854694357
0.83,0.434626917857607
0.831,0.434319448171479
0.832,0.434012444670378
0.833,0.433705906389426
0.834,0.43339983236447
0.835,0.433094221632091
0.836,0.432789073229615
0.837,0.432484386195127
0.838,0.432180159567476
0.839,0.43187639238629
0.84,0.431573083691985
0.841,0.43127023252577
0.842,0.430967837929664
0.843,0.430665898946504
0.844,0.430364414619948
0.845,0.430063383994495
0.846,0.429762806115488
0.847,0.429462680029124
0.848,0.429163004782464
0.849,0.428863779423444
0.85,0.42856500300088
0.851,0.428266674564481
0.852,0.427968793164855
0.853,0.427671357853518
0.854,0.427374367682907
0.855,0.427077821706381
0.856,0.426781718978236
0.857,0.426486058553711
0.858,0.426190839488995
0.859,0.425896060841236
0.86,0.425601721668553
0.861,0.425307821030036
0.862,0.425014357985761
0.863,0.424721331596795
0.864,0.424428740925205
0.865,0.424136585034062
0.866,0.423844862987454
0.867,0.423553573850488
0.868,0.423262716689303
0.869,0.422972290571073
0.87,0.422682294564014
0.871,0.422392727737396
0.872,0.422103589161544
0.873,0.421814877907848
0.874,0.421526593048772
0.875,0.421238733657855
0.876,0.420951298809724
0.877,0.420664287580097
0.878,0.420377699045786
0.879,0.420091532284716
0.88,0.419805786375915
0.881,0.419520460399534
0.882,0.419235553436846
0.883,0.41895106457025
0.884,0.418666992883287
0.885,0.418383337460637
0.886,0.418100097388127
0.887,0.417817271752739
0.888,0.417534859642613
0.889,0.417252860147056
0.89,0.416971272356545
0.891,0.416690095362732
0.892,0.416409328258453
0.893,0.41612897013773
0.894,0.415849020095776
0.895,0.415569477229006
0.896,0.415290340635033
0.897,0.415011609412682
0.898,0.41473328266199
0.899,0.414455359484211
0.9,0.414177838981823
0.901,0.413900720258533
0.902,0.413624002419278
0.903,0.413347684570237
0.904,0.413071765818827
0.905,0.412796245273714
0.906,0.412521122044813
0.907,0.412246395243297
0.908,0.411972063981599
0.909,0.411698127373416
0.91,0.411424584533714
0.911,0.411151434578731
0.912,0.410878676625982
0.913,0.410606309794267
0.914,0.410334333203666
0.915,0.410062745975552
0.916,0.40979154723259
0.917,0.409520736098741
0.918,0.409250311699269
0.919,0.40898027316074
0.92,0.408710619611032
0.921,0.408441350179331
0.922,0.408172463996141
0.923,0.407903960193283
0.924,0.407635837903902
0.925,0.407368096262469
0.926,0.407100734404784
0.927,0.406833751467976
0.928,0.406567146590517
0.929,0.406300918912212
0.93,0.40603506757421
0.931,0.405769591719004
0.932,0.405504490490438
0.933,0.405239763033703
0.934,0.40497540849535
0.935,0.40471142602328
0.936,0.404447814766758
0.937,0.404184573876413
0.938,0.403921702504235
0.939,0.403659199803585
0.94,0.403397064929192
0.941,0.403135297037163
0.942,0.402873895284976
0.943,0.402612858831487
0.944,0.402352186836939
0.945,0.402091878462949
0.946,0.401831932872529
0.947,0.401572349230068
0.948,0.401313126701355
0.949,0.401054264453565
0.95,0.400795761655271
0.951,0.40053761747644
0.952,0.400279831088436
0.953,0.400022401664029
0.954,0.399765328377386
0.955,0.399508610404083
0.956,0.399252246921098
0.957,0.398996237106823
0.958,0.398740580141054
0.959,0.398485275205002
0.96,0.398230321481293
0.961,0.397975718153966
0.962,0.397721464408476
0.963,0.397467559431699
0.964,0.397214002411932
0.965,0.396960792538891
0.966,0.396707929003717
0.967,0.396455410998974
0.968,0.396203237718654
0.969,0.395951408358176
0.97,0.395699922114386
0.971,0.395448778185565
0.972,0.39519797577142
0.973,0.394947514073092
0.974,0.394697392293158
0.975,0.394447609635629
0.976,0.394198165305951
0.977,0.39394905851101
0.978,0.393700288459126
0.979,0.393451854360062
0.98,0.39320375542502
0.981,0.392955990866644
0.982,0.392708559899019
0.983,0.392461461737673
0.984,0.39221469559958
0.985,0.391968260703156
0.986,0.391722156268265
0.987,0.391476381516216
0.988,0.391230935669765
0.989,0.390985817953115
0.99,0.390741027591919
0.991,0.390496563813278
0.992,0.390252425845743
0.993,0.390008612919315
0.994,0.389765124265444
0.995,0.389521959117035
0.996,0.38927911670844
0.997,0.389036596275467
0.998,0.388794397055375
0.999,0.388552518286874
1,0.388310959210131
1.001,0.388069382294303
1.002,0.387828129504362
1.003,0.38758720004715
1.004,0.387346593131218
1.005,0.38710630796683
1.006,0.386866343765961
1.007,0.386626699742298
1.008,0.386387375111239
1.009,0.386148369089896
1.01,0.385909680897092
1.011,0.385671309753366
1.012,0.385433254880967
1.013,0.385195515503859
1.014,0.384958090847717
1.015,0.384720980139933
1.016,0.38448418260961
1.017,0.384247697487566
1.018,0.384011524006331
1.019,0.383775661400151
1.02,0.383540108904985
1.021,0.383304865758504
1.022,0.383069931200094
1.023,0.382835304470856
1.024,0.382600984813602
1.025,0.382366971472858
1.026,0.382133263694864
1.027,0.381899860727573
1.028,0.381666761820651
1.029,0.381433966225476
1.03,0.381201473195138
1.031,0.380969281984442
1.032,0.380737391849903
1.033,0.380505802049746
1.034,0.380274511843912
1.035,0.38004352049405
1.036,0.379812827263519
1.037,0.379582431417392
1.038,0.379352332222449
1.039,0.37912252894718
1.04,0.378893020861787
1.041,0.378663807238177
1.042,0.378434887349969
1.043,0.378206260472488
1.044,0.377977925882766
1.045,0.377749882859543
1.046,0.377522130683266
1.047,0.377294668636087
1.048,0.377067496001864
1.049,0.376840612066159
1.05,0.376614016116239
1.051,0.376387707441075
1.052,0.37616168533134
1.053,0.37593594907941
1.054,0.375710497979362
1.055,0.375485331326976
1.056,0.375260448419731
1.057,0.375035848556805
1.058,0.374811531039077
1.059,0.374587495169123
1.06,0.374363740251216
1.061,0.374140265591327
1.062,0.373917070497123
1.063,0.373694154277965
1.064,0.373471516244909
1.065,0.373249155710706
1.066,0.373027071989798
1.067,0.37280526439832
1.068,0.372583732254097
1.069,0.372362474876644
1.07,0.372141491587167
1.071,0.371920781708561
1.072,0.371700344565404
1.073,0.371480179483966
1.074,0.371260285792199
1.075,0.371040662819741
1.076,0.370821309897914
1.077,0.370602226359722
1.078,0.370383411539851
1.079,0.370164864774668
1.08,0.369946585402219
1.081,0.36972857276223
1.082,0.369510826196102
1.083,0.369293345046917
1.084,0.369076128659428
1.085,0.368859176380064
1.086,0.368642487556929
1.087,0.368426061539796
1.088,0.368209897680112
1.089,0.367993995330994
1.09,0.367778353847224
1.091,0.367562972585257
1.092,0.36734785090321
1.093,0.367132988160869
1.094,0.366918383719681
1.095,0.366704036942758
1.096,0.366489947194874
1.097,0.366276113842461
1.098,0.366062536253614
1.099,0.365849213798082
1.1,0.365636145847275
1.101,0.365423331774256
1.102,0.365210770953742
1.103,0.364998462762104
1.104,0.364786406577366
1.105,0.364574601779199
1.106,0.364363047748927
1.107,0.364151743869519
1.108,0.363940689525592
1.109,0.363729884103407
1.11,0.363519326990869
1.111,0.363309017577526
1.112,0.363098955254568
1.113,0.362889139414821
1.114,0.362679569452754
1.115,0.36247024476447
1.116,0.362261164747708
1.117,0.362052328801841
1.118,0.361843736327875
1.119,0.361635386728447
1.12,0.361427279407824
1.121,0.3612194137719
1.122,0.361011789228199
1.123,0.360804405185867
1.124,0.360597261055676
1.125,0.36039035625002
1.126,0.360183690182912
1.127,0.359977262269988
1.128,0.359771071928499
1.129,0.359565118577314
1.13,0.359359401636916
1.131,0.359153920529402
1.132,0.358948674678481
1.133,0.35874366350947
1.134,0.358538886449299
1.135,0.3583343429265
1.136,0.358130032371215
1.137,0.357925954215188
1.138,0.357722107891765
1.139,0.357518492835894
1.14,0.357315108484121
1.141,0.357111954274591
1.142,0.356909029647043
1.143,0.356706334042813
1.144,0.356503866904826
1.145,0.356301627677603
1.146,0.35609961580725
1.147,0.355897830741462
1.148,0.355696271929523
1.149,0.355494938822297
1.15,0.355293830872233
1.151,0.355092947533362
1.152,0.354892288261292
1.153,0.354691852513212
1.154,0.354491639747883
1.155,0.354291649425644
1.156,0.354091881008404
1.157,0.353892333959644
1.158,0.353693007744414
1.159,0.353493901829331
1.16,0.353295015682579
1.161,0.353096348773905
1.162,0.352897900574617
1.163,0.352699670557586
1.164,0.352501658197239
1.165,0.352303862969561
1.166,0.352106284352094
1.167,0.351908921823929
1.168,0.351711774865713
1.169,0.351514842959639
1.17,0.351318125589452
1.171,0.351121622240439
1.172,0.350925332399434
1.173,0.350729255554812
1.174,0.350533391196489
1.175,0.350337738815921
1.176,0.3501422979061
1.177,0.349947067961553
1.178,0.349752048478341
1.179,0.349557238954056
1.18,0.349362638887819
1.181,0.349168247780281
1.182,0.348974065133616
1.183,0.348780090451523
1.184,0.348586323239224
1.185,0.348392763003462
1.186,0.348199409252495
1.187,0.348006261496101
1.188,0.34781331924557
1.189,0.347620582013706
1.19,0.347428049314824
1.191,0.347235720664747
1.192,0.347043595580806
1.193,0.346851673581834
1.194,0.346659954188172
1.195,0.346468436921657
1.196,0.346277121305629
1.197,0.346086006864924
1.198,0.345895093125872
1.199,0.345704379616298
1.2,0.345513865865517
1.201,0.345323551404336
1.202,0.345133435765046
1.203,0.344943518481426
1.204,0.344753799088737
1.205,0.344564277123723
1.206,0.344374952124605
1.207,0.344185823631085
1.208,0.343996891184338
1.209,0.343808154327013
1.21,0.343619612603231
1.211,0.343431265558582
1.212,0.343243112740124
1.213,0.343055153696381
1.214,0.342867387977338
1.215,0.342679815134445
1.216,0.342492434720609
1.217,0.342305246290195
1.218,0.342118249399023
1.219,0.341931443604367
1.22,0.341744828464952
1.221,0.341558403540951
1.222,0.341372168393987
1.223,0.341186122587124
1.224,0.341000265684873
1.225,0.340814597253184
1.226,0.340629116859446
1.227,0.340443824072484
1.228,0.340258718462559
1.229,0.340073799601365
1.23,0.339889067062025
1.231,0.339704520419092
1.232,0.339520159248543
1.233,0.339335983127783
1.234,0.339151991635635
1.235,0.338968184352345
1.236,0.338784560859576
1.237,0.338601120740406
1.238,0.338417863579328
1.239,0.338234788962246
1.24,0.338051896476474
1.241,0.337869185710731
1.242,0.337686656255145
1.243,0.337504307701244
1.244,0.337322139641958
1.245,0.337140151671616
1.246,0.336958343385943
1.247,0.336776714382059
1.248,0.336595264258475
1.249,0.336413992615095
1.25,0.336232899053208
1.251,0.33605198317549
1.252,0.335871244586001
1.253,0.335690682890181
1.254,0.335510297694853
1.255,0.335330088608212
1.256,0.335150055239831
1.257,0.334970197200657
1.258,0.334790514103003
1.259,0.334611005560556
1.26,0.334431671188364
1.261,0.334252510602842
1.262,0.334073523421767
1.263,0.333894709264274
1.264,0.333716067750855
1.265,0.33353759850336
1.266,0.333359301144989
1.267,0.333181175300294
1.268,0.333003220595175
1.269,0.332825436656879
1.27,0.332647823113996
1.271,0.332470379596458
1.272,0.332293105735538
1.273,0.332116001163845
1.274,0.331939065515323
1.275,0.33176229842525
1.276,0.331585699530232
1.277,0.331409268468207
1.278,0.331233004878436
1.279,0.331056908401506
1.28,0.330880978679324
1.281,0.330705215355117
1.282,0.33052961807343
1.283,0.33035418648012
1.284,0.33017892022236
1.285,0.330003818948631
1.286,0.329828882308723
1.287,0.329654109953731
1.288,0.329479501536053
1.289,0.32930505670939
1.29,0.32913077512874
1.291,0.328956656450398
1.292,0.328782700331954
1.293,0.328608906432289
1.294,0.328435274411574
1.295,0.328261803931268
1.296,0.328088494654114
1.297,0.327915346244139
1.298,0.327742358366649
1.299,0.327569530688229
1.3,0.32739686287674
1.301,0.327224354601317
1.302,0.327052005532363
1.303,0.326879815341555
1.304,0.326707783701832
1.305,0.3265359102874
1.306,0.326364194773725
1.307,0.326192636837534
1.308,0.326021236156811
1.309,0.325849992410794
1.31,0.325678905279974
1.311,0.325507974446093
1.312,0.32533719959214
1.313,0.32516658040235
1.314,0.3249961165622
1.315,0.32482580775841
1.316,0.324655653678935
1.317,0.324485654012971
1.318,0.324315808450943
1.319,0.32414611668451
1.32,0.323976578406559
1.321,0.323807193311206
1.322,0.323637961093787
1.323,0.323468881450863
1.324,0.323299954080215
1.325,0.323131178680839
1.326,0.322962554952947
1.327,0.322794082597964
1.328,0.322625761318523
1.329,0.322457590818468
1.33,0.322289570802844
1.331,0.322121700977902
1.332,0.321953981051094
1.333,0.321786410731067
1.334,0.321618989727666
1.335,0.321451717751929
1.336,0.321284594516085
1.337,0.321117619733552
1.338,0.320950793118931
1.339,0.320784114388012
1.34,0.320617583257762
1.341,0.320451199446328
1.342,0.320284962673035
1.343,0.320118872658381
1.344,0.319952929124034
1.345,0.319787131792835
1.346,0.319621480388789
1.347,0.319455974637066
1.348,0.319290614263998
1.349,0.319125398997078
1.35,0.318960328564953
1.351,0.318795402697429
1.352,0.318630621125461
1.353,0.318465983581155
1.354,0.318301489797764
1.355,0.318137139509687
1.356,0.317972932452465
1.357,0.317808868362779
1.358,0.317644946978448
1.359,0.317481168038426
1.36,0.317317531282801
1.361,0.317154036452788
1.362,0.316990683290735
1.363,0.31682747154011
1.364,0.31666440094551
1.365,0.316501471252648
1.366,0.316338682208356
1.367,0.316176033560583
1.368,0.316013525058391
1.369,0.315851156451952
1.37,0.315688927492547
1.371,0.315526837932563
1.372,0.315364887525489
1.373,0.315203076025917
1.374,0.315041403189535
1.375,0.314879868773131
1.376,0.314718472534582
1.377,0.314557214232859
1.378,0.314396093628021
1.379,0.314235110481214
1.38,0.314074264554665
1.381,0.313913555611684
1.382,0.313752983416662
1.383,0.313592547735062
1.384,0.313432248333423
1.385,0.313272084979355
1.386,0.313112057441539
1.387,0.312952165489718
1.388,0.312792408894702
1.389,0.312632787428363
1.39,0.312473300863629
1.391,0.312313948974486
1.392,0.312154731535976
1.393,0.311995648324189
1.394,0.311836699116265
1.395,0.311677883690393
1.396,0.311519201825802
1.397,0.311360653302766
1.398,0.311202237902596
1.399,0.311043955407641
1.4,0.310885805601282
1.401,0.310727788267934
1.402,0.310569903193039
1.403,0.310412150163066
1.404,0.31025452896551
1.405,0.310097039388886
1.406,0.309939681222726
1.407,0.309782454257584
1.408,0.309625358285022
1.409,0.309468393097618
1.41,0.309311558488958
1.411,0.309154854253632
1.412,0.308998280187239
1.413,0.308841836086374
1.414,0.308685521748636
1.415,0.308529336972618
1.416,0.308373281557907
1.417,0.308217355305082
1.418,0.308061558015711
1.419,0.30790588949235
1.42,0.307750349538537
1.421,0.307594937958792
1.422,0.307439654558614
1.423,0.30728449914448
1.424,0.307129471523839
1.425,0.306974571505112
1.426,0.306819798897691
1.427,0.306665153511931
1.428,0.306510635159154
1.429,0.306356243651641
1.43,0.306201978802635
1.431,0.306047840426332
1.432,0.305893828337885
1.433,0.305739942353396
1.434,0.305586182289918
1.435,0.305432547965448
1.436,0.305279039198929
1.437,0.305125655810244
1.438,0.304972397620216
1.439,0.304819264450604
1.44,0.304666256124099
1.441,0.304513372464326
1.442,0.304360613295838
1.443,0.304207978444114
1.444,0.304055467735555
1.445,0.303903080997487
1.446,0.303750818058152
1.447,0.303598678746709
1.448,0.30344666289323
1.449,0.303294770328699
1.45,0.30314300088501
1.451,0.30299135439496
1.452,0.302839830692251
1.453,0.302688429611489
1.454,0.302537150988173
1.455,0.302385994658704
1.456,0.302234960460372
1.457,0.30208404823136
1.458,0.30193325781074
1.459,0.30178258903847
1.46,0.30163204175539
1.461,0.301481615803224
1.462,0.30133131102457
1.463,0.301181127262906
1.464,0.301031064362583
1.465,0.300881122168821
1.466,0.30073130052771
1.467,0.300581599286205
1.468,0.300432018292126
1.469,0.300282557394153
1.47,0.300133216441824
1.471,0.299983995285533
1.472,0.299834893776528
1.473,0.299685911766909
1.474,0.299537049109621
1.475,0.299388305658459
1.476,0.299239681268058
1.477,0.299091175793897
1.478,0.29894278909229
1.479,0.298794521020389
1.48,0.29864637143618
1.481,0.298498340198477
1.482,0.298350427166927
1.483,0.298202632201997
1.484,0.298054955164983
1.485,0.297907395917999
1.486,0.297759954323977
1.487,0.297612630246665
1.488,0.297465423550627
1.489,0.297318334101235
1.49,0.29717136176467
1.491,0.29702450640792
1.492,0.296877767898775
1.493,0.296731146105827
1.494,0.296584640898465
1.495,0.296438252146877
1.496,0.296291979722041
1.497,0.296145823495727
1.498,0.295999783340496
1.499,0.29585385912969
1.5,0.295708050737439
1.501,0.295562358038652
1.502,0.295416780909016
1.503,0.295271319224997
1.504,0.295125972863831
1.505,0.294980741703527
1.506,0.294835625622862
1.507,0.29469062450138
1.508,0.294545738219388
1.509,0.294400966657953
1.51,0.294256309698904
1.511,0.294111767224823
1.512,0.293967339119047
1.513,0.293823025265665
1.514,0.293678825549514
1.515,0.293534739856177
1.516,0.293390768071982
1.517,0.293246910083998
1.518,0.293103165780033
1.519,0.292959535048631
1.52,0.292816017779071
1.521,0.292672613861364
1.522,0.292529323186248
1.523,0.292386145645189
1.524,0.292243081130379
1.525,0.29210012953473
1.526,0.291957290751872
1.527,0.291814564676154
1.528,0.29167195120264
1.529,0.291529450227104
1.53,0.291387061646032
1.531,0.291244785356614
1.532,0.291102621256747
1.533,0.29096056924503
1.534,0.290818629220762
1.535,0.290676801083939
1.536,0.290535084735252
1.537,0.290393480076084
1.538,0.29025198700851
1.539,0.29011060543529
1.54,0.289969335259871
1.541,0.289828176386384
1.542,0.289687128719638
1.543,0.289546192165121
1.544,0.289405366628997
1.545,0.289264652018104
1.546,0.289124048239948
1.547,0.288983555202706
1.548,0.288843172815221
1.549,0.288702900986998
1.55,0.288562739628204
1.551,0.288422688649664
1.552,0.288282747962862
1.553,0.288142917479932
1.554,0.288003197113664
1.555,0.287863586777493
1.556,0.287724086385504
1.557,0.287584695852425
1.558,0.287445415093627
1.559,0.287306244025119
1.56,0.287167182563548
1.561,0.287028230626198
1.562,0.286889388130982
1.563,0.286750654996446
1.564,0.286612031141764
1.565,0.286473516486732
1.566,0.286335110951773
1.567,0.286196814457929
1.568,0.28605862692686
1.569,0.285920548280843
1.57,0.285782578442768
1.571,0.285644717336137
1.572,0.285506964885061
1.573,0.285369321014256
1.574,0.285231785649044
1.575,0.285094358715349
1.576,0.284957040139693
1.577,0.284819829849198
1.578,0.284682727771578
1.579,0.284545733835141
1.58,0.284408847968786
1.581,0.284272070101999
1.582,0.284135400164852
1.583,0.283998838088
1.584,0.28386238380268
1.585,0.283726037240706
1.586,0.28358979833447
1.587,0.283453667016938
1.588,0.283317643221647
1.589,0.283181726882705
1.59,0.283045917934784
1.591,0.282910216313124
1.592,0.282774621953528
1.593,0.282639134792357
1.594,0.28250375476653
1.595,0.282368481813526
1.596,0.282233315871371
1.597,0.282098256878649
1.598,0.281963304774487
1.599,0.281828459498563
1.6,0.281693720991098
1.601,0.281559089192854
1.602,0.281424564045134
1.603,0.28129014548978
1.604,0.281155833469167
1.605,0.281021627926204
1.606,0.280887528804332
1.607,0.28075353604752
1.608,0.280619649600262
1.609,0.280485869407579
1.61,0.280352195415012
1.611,0.280218627568623
1.612,0.280085165814989
1.613,0.279951810101206
1.614,0.279818560374881
1.615,0.279685416584132
1.616,0.279552378677586
1.617,0.279419446604376
1.618,0.27928662031414
1.619,0.279153899757017
1.62,0.279021284883648
1.621,0.278888775645169
1.622,0.278756371993213
1.623,0.278624073879907
1.624,0.278491881257868
1.625,0.278359794080201
1.626,0.278227812300501
1.627,0.278095935872844
1.628,0.277964164751791
1.629,0.277832498892383
1.63,0.277700938250137
1.631,0.277569482781048
1.632,0.277438132441585
1.633,0.277306887188688
1.634,0.277175746979766
1.635,0.277044711772696
1.636,0.276913781525821
1.637,0.276782956197946
1.638,0.276652235748337
1.639,0.27652162013672
1.64,0.276391109323277
1.641,0.276260703268644
1.642,0.276130401933912
1.643,0.276000205280619
1.644,0.275870113270753
1.645,0.27574012586675
1.646,0.275610243031486
1.647,0.275480464728284
1.648,0.275350790920903
1.649,0.275221221573541
1.65,0.275091756650834
1.651,0.274962396117848
1.652,0.274833139940082
1.653,0.274703988083467
1.654,0.274574940514359
1.655,0.274445997199539
1.656,0.274317158106214
1.657,0.27418842320201
1.658,0.274059792454973
1.659,0.273931265833567
1.66,0.27380284330667
1.661,0.273674524843574
1.662,0.273546310413983
1.663,0.273418199988008
1.664,0.27329019353617
1.665,0.273162291029391
1.666,0.273034492439
1.667,0.272906797736726
1.668,0.272779206894696
1.669,0.272651719885436
1.67,0.272524336681864
1.671,0.272397057257295
1.672,0.272269881585432
1.673,0.272142809640369
1.674,0.272015841396586
1.675,0.271888976828949
1.676,0.271762215912707
1.677,0.27163555862349
1.678,0.271509004937308
1.679,0.271382554830548
1.68,0.271256208279971
1.681,0.271129965262715
1.682,0.271003825756285
1.683,0.27087778973856
1.684,0.270751857187782
1.685,0.270626028082564
1.686,0.270500302401879
1.687,0.270374680125062
1.688,0.27024916123181
1.689,0.270123745702178
1.69,0.269998433516574
1.691,0.269873224655764
1.692,0.269748119100864
1.693,0.269623116833343
1.694,0.269498217835015
1.695,0.269373422088043
1.696,0.269248729574935
1.697,0.269124140278542
1.698,0.268999654182055
1.699,0.268875271269004
1.7,0.268750991523259
1.701,0.268626814929023
1.702,0.268502741470833
1.703,0.268378771133559
1.704,0.2682549039024
1.705,0.268131139762884
1.706,0.268007478700865
1.707,0.26788392070252
1.708,0.267760465754351
1.709,0.267637113843181
1.71,0.26751386495615
1.711,0.267390719080716
1.712,0.267267676204654
1.713,0.267144736316051
1.714,0.267021899403307
1.715,0.266899165455132
1.716,0.266776534460543
1.717,0.266654006408865
1.718,0.266531581289727
1.719,0.266409259093061
1.72,0.266287039809102
1.721,0.266164923428383
1.722,0.266042909941734
1.723,0.265920999340283
1.724,0.265799191615451
1.725,0.265677486758951
1.726,0.265555884762789
1.727,0.265434385619258
1.728,0.265312989320939
1.729,0.2651916958607
1.73,0.26507050523169
1.731,0.264949417427343
1.732,0.264828432441374
1.733,0.264707550267773
1.734,0.26458677090081
1.735,0.264466094335032
1.736,0.264345520565256
1.737,0.264225049586575
1.738,0.264104681394348
1.739,0.263984415984208
1.74,0.26386425335205
1.741,0.263744193494038
1.742,0.263624236406599
1.743,0.263504382086422
1.744,0.263384630530457
1.745,0.263264981735911
1.746,0.263145435700251
1.747,0.263025992421197
1.748,0.262906651896727
1.749,0.262787414125067
1.75,0.262668279104695
1.751,0.262549246834341
1.752,0.26243031731298
1.753,0.262311490539833
1.754,0.262192766514367
1.755,0.26207414523629
1.756,0.261955626705553
1.757,0.261837210922345
1.758,0.261718897887096
1.759,0.261600687600468
1.76,0.261482580063364
1.761,0.261364575276914
1.762,0.261246673242486
1.763,0.261128873961674
1.764,0.261011177436303
1.765,0.260893583668425
1.766,0.260776092660317
1.767,0.260658704414481
1.768,0.260541418933642
1.769,0.260424236220746
1.77,0.260307156278958
1.771,0.260190179111663
1.772,0.260073304722461
1.773,0.259956533115168
1.774,0.259839864293814
1.775,0.259723298262641
1.776,0.259606835026103
1.777,0.259490474588861
1.778,0.259374216955785
1.779,0.259258062131954
1.78,0.259142010122647
1.781,0.259026060933351
1.782,0.258910214569753
1.783,0.258794471037741
1.784,0.258678830343403
1.785,0.258563292493023
1.786,0.258447857493084
1.787,0.258332525350261
1.788,0.258217296071426
1.789,0.25810216966364
1.79,0.257987146134157
1.791,0.257872225490419
1.792,0.257757407740056
1.793,0.257642692890887
1.794,0.257528080950913
1.795,0.25741357192832
1.796,0.257299165831477
1.797,0.257184862668934
1.798,0.257070662449421
1.799,0.256956565181846
1.8,0.256842570875294
1.801,0.256728679539026
1.802,0.256614891182477
1.803,0.256501205815256
1.804,0.256387623447142
1.805,0.256274144088086
1.806,0.256160767748209
1.807,0.256047494437797
1.808,0.255934324167303
1.809,0.255821256947349
1.81,0.255708292788715
1.811,0.25559543170235
1.812,0.255482673699357
1.813,0.255370018791007
1.814,0.255257466988723
1.815,0.255145018304089
1.816,0.255032672748846
1.817,0.254920430334887
1.818,0.254808291074261
1.819,0.254696254979168
1.82,0.254584322061961
1.821,0.254472492335142
1.822,0.254360765811362
1.823,0.254249142503419
1.824,0.254137622424258
1.825,0.254026205586968
1.826,0.253914892004785
1.827,0.253803681691083
1.828,0.253692574659381
1.829,0.253581570923339
1.83,0.253470670496752
1.831,0.253359873393557
1.832,0.253249179627825
1.833,0.253138589213765
1.834,0.253028102165718
1.835,0.252917718498161
1.836,0.2528074382257
1.837,0.252697261363075
1.838,0.252587187925153
1.839,0.252477217926932
1.84,0.252367351383536
1.841,0.252257588310216
1.842,0.252147928722348
1.843,0.252038372635433
1.844,0.251928920065093
1.845,0.251819571027075
1.846,0.251710325537243
1.847,0.251601183611585
1.848,0.251492145266204
1.849,0.251383210517322
1.85,0.251274379381278
1.851,0.251165651874525
1.852,0.251057028013632
1.853,0.250948507815279
1.854,0.25084009129626
1.855,0.250731778473479
1.856,0.250623569363951
1.857,0.2505154639848
1.858,0.250407462353256
1.859,0.250299564486658
1.86,0.25019177040245
1.861,0.250084080118182
1.862,0.249976493651505
1.863,0.249869011020176
1.864,0.249761632242052
1.865,0.249654357335091
1.866,0.249547186317352
1.867,0.24944011920699
1.868,0.24933315602226
1.869,0.249226296781514
1.87,0.249119541503199
1.871,0.249012890205856
1.872,0.248906342908121
1.873,0.248799899628723
1.874,0.248693560386483
1.875,0.248587325200311
1.876,0.24848119408921
1.877,0.24837516707227
1.878,0.248269244168669
1.879,0.248163425397674
1.88,0.248057710778636
1.881,0.247952100330993
1.882,0.247846594074267
1.883,0.247741192028063
1.884,0.247635894212069
1.885,0.247530700646054
1.886,0.247425611349869
1.887,0.247320626343443
1.888,0.247215745646786
1.889,0.247110969279984
1.89,0.247006297263202
1.891,0.24690172961668
1.892,0.246797266360735
1.893,0.246692907515757
1.894,0.246588653102209
1.895,0.24648450314063
1.896,0.246380457651627
1.897,0.246276516655882
1.898,0.246172680174144
1.899,0.246068948227234
1.9,0.245965320836039
1.901,0.245861798021516
1.902,0.245758379804688
1.903,0.245655066206645
1.904,0.24555185724854
1.905,0.245448752951593
1.906,0.245345753337087
1.907,0.245242858426367
1.908,0.24514006824084
1.909,0.245037382801977
1.91,0.244934802131305
1.911,0.244832326250416
1.912,0.244729955180955
1.913,0.244627688944631
1.914,0.244525527563206
1.915,0.244423471058501
1.916,0.244321519452392
1.917,0.24421967276681
1.918,0.244117931023742
1.919,0.244016294245225
1.92,0.243914762453353
1.921,0.24381333567027
1.922,0.24371201391817
1.923,0.243610797219302
1.924,0.24350968559596
1.925,0.243408679070491
1.926,0.243307777665289
1.927,0.243206981402795
1.928,0.243106290305499
1.929,0.243005704395935
1.93,0.242905223696685
1.931,0.242804848230376
1.932,0.242704578019677
1.933,0.242604413087302
1.934,0.242504353456009
1.935,0.242404399148597
1.936,0.242304550187907
1.937,0.242204806596821
1.938,0.242105168398261
1.939,0.242005635615189
1.94,0.241906208270606
1.941,0.241806886387551
1.942,0.241707669989101
1.943,0.24160855909837
1.944,0.241509553738509
1.945,0.241410653932704
1.946,0.241311859704175
1.947,0.241213171076181
1.948,0.241114588072009
1.949,0.241016110714983
1.95,0.24091773902846
1.951,0.240819473035827
1.952,0.240721312760504
1.953,0.240623258225942
1.954,0.240525309455621
1.955,0.240427466473053
1.956,0.240329729301775
1.957,0.240232097965359
1.958,0.240134572487399
1.959,0.240037152891519
1.96,0.23993983920137
1.961,0.23984263144063
1.962,0.239745529633001
1.963,0.23964853380221
1.964,0.239551643972011
1.965,0.23945486016618
1.966,0.239358182408518
1.967,0.239261610722848
1.968,0.239165145133016
1.969,0.23906878566289
1.97,0.238972532336359
1.971,0.238876385177334
1.972,0.238780344209744
1.973,0.238684409457541
1.974,0.238588580944695
1.975,0.238492858695194
1.976,0.238397242733046
1.977,0.238301733082276
1.978,0.238206329766926
1.979,0.238111032811057
1.98,0.238015842238743
1.981,0.237920758074077
1.982,0.237825780341167
1.983,0.237730909064133
1.984,0.237636144267115
1.985,0.237541485974261
1.986,0.237446934209738
1.987,0.237352488997723
1.988,0.237258150362406
1.989,0.237163918327989
1.99,0.237069792918689
1.991,0.23697577415873
1.992,0.236881862072349
1.993,0.236788056683793
1.994,0.236694358017321
1.995,0.236600766097199
1.996,0.236507280947703
1.997,0.236413902593119
1.998,0.236320631057739
1.999,0.236227466365866
2,0.236134408541808
2.001,0.236041457609882
2.002,0.235948613594411
2.003,0.235855876519723
2.004,0.235763246410154
2.005,0.235670723290045
2.006,0.235578307183742
2.007,0.235485998115596
2.008,0.235393796109962
2.009,0.2353017011912
2.01,0.235209713383673
2.011,0.235117832711747
2.012,0.235026059199791
2.013,0.234934392872178
2.014,0.234842833753282
2.015,0.234751381867479
2.016,0.234660037239147
2.017,0.234568799892664
2.018,0.234477669852411
2.019,0.234386647142767
2.02,0.234295731788113
2.021,0.234204923812829
2.022,0.234114223241295
2.023,0.234023630097891
2.024,0.233933144406993
2.025,0.233842766192979
2.026,0.233752495480222
2.027,0.233662332293095
2.028,0.23357227665597
2.029,0.233482328593212
2.03,0.233392488129187
2.031,0.233302755288256
2.032,0.233213130094776
2.033,0.233123612573101
2.034,0.23303420274758
2.035,0.23294490064256
2.036,0.232855706282379
2.037,0.232766619691373
2.038,0.232677640893872
2.039,0.232588769914201
2.04,0.232500006776679
2.041,0.232411351505617
2.042,0.232322804125322
2.043,0.232234364660093
2.044,0.232146033134223
2.045,0.232057809571997
2.046,0.231969693997694
2.047,0.231881686435583
2.048,0.231793786909927
2.049,0.231705995444981
2.05,0.231618312064991
2.051,0.231530736794194
2.052,0.231443269656818
2.053,0.231355910677083
2.054,0.231268659879199
2.055,0.231181517287367
2.056,0.231094482925777
2.057,0.231007556818611
2.058,0.23092073899004
2.059,0.230834029464223
2.06,0.230747428265311
2.061,0.230660935417442
2.062,0.230574550944744
2.063,0.230488274871335
2.064,0.230402107221319
2.065,0.23031604801879
2.066,0.23023009728783
2.067,0.230144255052509
2.068,0.230058521336885
2.069,0.229972896165003
2.07,0.229887379560896
2.071,0.229801971548585
2.072,0.229716672152075
2.073,0.229631481395362
2.074,0.229546399302427
2.075,0.229461425897236
2.076,0.229376561203745
2.077,0.229291805245892
2.078,0.229207158047605
2.079,0.229122619632797
2.08,0.229038190025363
2.081,0.228953869249189
2.082,0.228869657328144
2.083,0.228785554286083
2.084,0.228701560146844
2.085,0.228617674934253
2.086,0.22853389867212
2.087,0.228450231384239
2.088,0.228366673094389
2.089,0.228283223826334
2.09,0.228199883603822
2.091,0.228116652450585
2.092,0.22803353039034
2.093,0.227950517446788
2.094,0.227867613643612
2.095,0.227784819004481
2.096,0.227702133553047
2.097,0.227619557312945
2.098,0.227537090307794
2.099,0.227454732561196
2.1,0.227372484096736
2.101,0.227290344937984
2.102,0.22720831510849
2.103,0.22712639463179
2.104,0.2270445835314
2.105,0.22696288183082
2.106,0.226881289553534
2.107,0.226799806723006
2.108,0.226718433362685
2.109,0.226637169496
2.11,0.226556015146364
2.111,0.226474970337172
2.112,0.2263940350918
2.113,0.226313209433608
2.114,0.226232493385936
2.115,0.226151886972107
2.116,0.226071390215426
2.117,0.22599100313918
2.118,0.225910725766636
2.119,0.225830558121045
2.12,0.225750500225638
2.121,0.225670552103628
2.122,0.22559071377821
2.123,0.225510985272559
2.124,0.225431366609834
2.125,0.225351857813172
2.126,0.225272458905694
2.127,0.225193169910501
2.128,0.225113990850675
2.129,0.22503492174928
2.13,0.224955962629361
2.131,0.224877113513942
2.132,0.224798374426032
2.133,0.224719745388618
2.134,0.224641226424668
2.135,0.224562817557132
2.136,0.224484518808941
2.137,0.224406330203006
2.138,0.22432825176222
2.139,0.224250283509455
2.14,0.224172425467566
2.141,0.224094677659386
2.142,0.224017040107733
2.143,0.223939512835401
2.144,0.223862095865167
2.145,0.223784789219791
2.146,0.223707592922009
2.147,0.22363050699454
2.148,0.223553531460086
2.149,0.223476666341325
2.15,0.22339991166092
2.151,0.223323267441511
2.152,0.223246733705722
2.153,0.223170310476155
2.154,0.223093997775395
2.155,0.223017795626005
2.156,0.222941704050532
2.157,0.2228657230715
2.158,0.222789852711417
2.159,0.22271409299277
2.16,0.222638443938026
2.161,0.222562905569635
2.162,0.222487477910025
2.163,0.222412160981608
2.164,0.222336954806774
2.165,0.222261859407895
2.166,0.222186874807324
2.167,0.222112001027393
2.168,0.222037238090418
2.169,0.221962586018695
2.17,0.221888044834497
2.171,0.221813614560084
2.172,0.221739295217693
2.173,0.221665086829543
2.174,0.221590989417834
2.175,0.221517003004748
2.176,0.221443127612446
2.177,0.221369363263072
2.178,0.221295709978751
2.179,0.221222167781588
2.18,0.221148736693671
2.181,0.221075416737068
2.182,0.221002207933828
2.183,0.220929110305983
2.184,0.220856123875544
2.185,0.220783248664507
2.186,0.220710484694846
2.187,0.220637831988519
2.188,0.220565290567463
2.189,0.2204928604536
2.19,0.220420541668831
2.191,0.220348334235041
2.192,0.220276238174094
2.193,0.220204253507838
2.194,0.220132380258103
2.195,0.2200606184467
2.196,0.219988968095422
2.197,0.219917429226046
2.198,0.219846001860328
2.199,0.219774686020009
2.2,0.219703481726811
2.201,0.219632389002439
2.202,0.219561407868579
2.203,0.219490538346902
2.204,0.219419780459059
2.205,0.219349134226684
2.206,0.219278599671397
2.207,0.219208176814795
2.208,0.219137865678464
2.209,0.219067666283967
2.21,0.218997578652855
2.211,0.21892760280666
2.212,0.218857738766895
2.213,0.21878798655506
2.214,0.218718346192637
2.215,0.218648817701089
2.216,0.218579401101865
2.217,0.218510096416398
2.218,0.218440903666102
2.219,0.218371822872377
2.22,0.218302854056605
2.221,0.218233997240154
2.222,0.218165252444373
2.223,0.218096619690597
2.224,0.218028099000145
2.225,0.21795969039432
2.226,0.217891393894409
2.227,0.217823209521683
2.228,0.217755137297398
2.229,0.217687177242795
2.23,0.217619329379098
2.231,0.217551593727517
2.232,0.217483970309247
2.233,0.217416459145467
2.234,0.217349060257341
2.235,0.217281773666018
2.236,0.217214599392633
2.237,0.217147537458306
2.238,0.217080587884142
2.239,0.217013750691231
2.24,0.216947025900649
2.241,0.216880413533459
2.242,0.216813913610706
2.243,0.216747526153425
2.244,0.216681251182634
2.245,0.216615088719339
2.246,0.21654903878453
2.247,0.216483101399186
2.248,0.216417276584269
2.249,0.21635156436073
2.25,0.216285964749505
2.251,0.216220477771518
2.252,0.216155103447679
2.253,0.216089841798883
2.254,0.216024692846015
2.255,0.215959656609945
2.256,0.215894733111531
2.257,0.215829922371618
2.258,0.215765224411038
2.259,0.215700639250611
2.26,0.215636166911143
2.261,0.21557180741343
2.262,0.215507560778254
2.263,0.215443427026385
2.264,0.215379406178582
2.265,0.215315498255591
2.266,0.215251703278146
2.267,0.21518802126697
2.268,0.215124452242774
2.269,0.215060996226258
2.27,0.21499765323811
2.271,0.214934423299007
2.272,0.214871306429613
2.273,0.214808302650585
2.274,0.214745411982564
2.275,0.214682634446184
2.276,0.214619970062067
2.277,0.214557418850823
2.278,0.214494980833053
2.279,0.214432656029348
2.28,0.214370444460287
2.281,0.214308346146439
2.282,0.214246361108364
2.283,0.214184489366612
2.284,0.214122730941721
2.285,0.214061085854221
2.286,0.213999554124633
2.287,0.213938135773466
2.288,0.213876830821222
2.289,0.213815639288391
2.29,0.213754561195457
2.291,0.213693596562892
2.292,0.21363274541116
2.293,0.213572007760717
2.294,0.213511383632008
2.295,0.213450873045472
2.296,0.213390476021536
2.297,0.213330192580622
2.298,0.213270022743141
2.299,0.213209966529498
2.3,0.213150023960088
2.301,0.213090195055298
2.302,0.213030479835508
2.303,0.21297087832109
2.304,0.212911390532408
2.305,0.212852016489818
2.306,0.212792756213669
2.307,0.212733609724302
2.308,0.212674577042051
2.309,0.212615658187244
2.31,0.2125568531802
2.311,0.212498162041232
2.312,0.212439584790646
2.313,0.21238112144874
2.314,0.212322772035809
2.315,0.212264536572137
2.316,0.212206415078004
2.317,0.212148407573683
2.318,0.212090514079441
2.319,0.212032734615538
2.32,0.211975069202231
2.321,0.211917517859766
2.322,0.211860080608388
2.323,0.211802757468333
2.324,0.211745548459834
2.325,0.211688453603115
2.326,0.211631472918399
2.327,0.2115746064259
2.328,0.211517854145828
2.329,0.21146121609839
2.33,0.211404692303783
2.331,0.211348282782205
2.332,0.211291987553845
2.333,0.211235806638889
2.334,0.211179740057518
2.335,0.211123787829908
2.336,0.211067949976233
2.337,0.211012226516659
2.338,0.21095661747135
2.339,0.210901122860466
2.34,0.210845742704163
2.341,0.210790477022591
2.342,0.2107353258359
2.343,0.210680289164232
2.344,0.210625367027729
2.345,0.210570559446527
2.346,0.21051586644076
2.347,0.210461288030557
2.348,0.210406824236047
2.349,0.210352475077351
2.35,0.210298240574592
2.351,0.210244120747887
2.352,0.210190115617351
2.353,0.210136225203095
2.354,0.210082449525229
2.355,0.210028788603859
2.356,0.20997524245909
2.357,0.209921811111023
2.358,0.209868494579758
2.359,0.209815292885392
2.36,0.209762206048019
2.361,0.209709234087732
2.362,0.209656377024623
2.363,0.209603634878779
2.364,0.209551007670288
2.365,0.209498495419234
2.366,0.209446098145703
2.367,0.209393815869774
2.368,0.209341648611529
2.369,0.209289596391047
2.37,0.209237659228405
2.371,0.209185837143679
2.372,0.209134130156944
2.373,0.209082538288274
2.374,0.209031061557743
2.375,0.208979699985421
2.376,0.208928453591379
2.377,0.208877322395689
2.378,0.208826306418418
2.379,0.208775405679636
2.38,0.20872462019941
2.381,0.208673949997808
2.382,0.208623395094897
2.383,0.208572955510743
2.384,0.208522631265411
2.385,0.208472422378969
2.386,0.208422328871481
2.387,0.208372350763012
2.388,0.208322488073628
2.389,0.208272740823395
2.39,0.208223109032377
2.391,0.208173592720639
2.392,0.208124191908248
2.393,0.208074906615268
2.394,0.208025736861765
2.395,0.207976682667806
2.396,0.207927744053457
2.397,0.207878921038785
2.398,0.207830213643857
2.399,0.207781621888742
2.4,0.207733145793507
2.401,0.207684785378222
2.402,0.207636540662957
2.403,0.207588411667782
2.404,0.207540398412767
2.405,0.207492500917986
2.406,0.207444719203511
2.407,0.207397053289415
2.408,0.207349503195774
2.409,0.207302068942663
2.41,0.207254750550159
2.411,0.20720754803834
2.412,0.207160461427284
2.413,0.20711349073707
2.414,0.207066635987782
2.415,0.2070198971995
2.416,0.206973274392308
2.417,0.20692676758629
2.418,0.206880376801534
2.419,0.206834102058127
2.42,0.206787943376156
2.421,0.206741900775712
2.422,0.206695974276887
2.423,0.206650163899774
2.424,0.206604469664467
2.425,0.206558891591061
2.426,0.206513429699655
2.427,0.206468084010346
2.428,0.206422854543236
2.429,0.206377741318426
2.43,0.206332744356019
2.431,0.206287863676121
2.432,0.206243099298838
2.433,0.206198451244278
2.434,0.206153919532552
2.435,0.20610950418377
2.436,0.206065205218045
2.437,0.206021022655493
2.438,0.205976956516229
2.439,0.205933006820372
2.44,0.20588917358804
2.441,0.205845456839355
2.442,0.20580185659444
2.443,0.205758372873418
2.444,0.205715005696417
2.445,0.205671755083564
2.446,0.205628621054987
2.447,0.205585603630819
2.448,0.20554270283119
2.449,0.205499918676236
2.45,0.205457251186092
2.451,0.205414700380894
2.452,0.205372266280782
2.453,0.205329948905896
2.454,0.205287748276377
2.455,0.205245664412369
2.456,0.205203697334015
2.457,0.205161847061463
2.458,0.20512011361486
2.459,0.205078497014353
2.46,0.205036997280094
2.461,0.204995614432234
2.462,0.204954348490926
2.463,0.204913199476323
2.464,0.204872167408581
2.465,0.204831252307857
2.466,0.204790454194307
2.467,0.20474977308809
2.468,0.204709209009366
2.469,0.204668761978296
2.47,0.204628432015042
2.471,0.204588219139765
2.472,0.20454812337263
2.473,0.204508144733801
2.474,0.204468283243442
2.475,0.20442853892172
2.476,0.2043889117888
2.477,0.204349401864851
2.478,0.204310009170039
2.479,0.204270733724533
2.48,0.204231575548501
2.481,0.204192534662112
2.482,0.204153611085535
2.483,0.204114804838939
2.484,0.204076115942494
2.485,0.20403754441637
2.486,0.203999090280736
2.487,0.203960753555762
2.488,0.203922534261617
2.489,0.203884432418469
2.49,0.20384644804649
2.491,0.203808581165845
2.492,0.203770831796704
2.493,0.203733199959235
2.494,0.203695685673603
2.495,0.203658288959975
2.496,0.203621009838516
2.497,0.203583848329391
2.498,0.203546804452763
2.499,0.203509878228793
2.5,0.203473069677644
2.501,0.203436378819474
2.502,0.203399805674442
2.503,0.203363350262705
2.504,0.203327012604417
2.505,0.203290792719732
2.506,0.203254690628802
2.507,0.203218706351775
2.508,0.2031828399088
2.509,0.203147091320021
2.51,0.203111460605582
2.511,0.203075947785622
2.512,0.20304055288028
2.513,0.203005275909691
2.514,0.202970116893986
2.515,0.202935075853297
2.516,0.202900152807748
2.517,0.202865347777463
2.518,0.202830660782561
2.519,0.202796091843159
2.52,0.202761640979368
2.521,0.202727308211299
2.522,0.202693093559056
2.523,0.202658997042739
2.524,0.202625018682445
2.525,0.202591158498266
2.526,0.20255741651029
2.527,0.202523792738599
2.528,0.202490287203272
2.529,0.202456899924381
2.53,0.202423630921995
2.531,0.202390480216176
2.532,0.202357447826981
2.533,0.202324533774461
2.534,0.202291738078662
2.535,0.202259060759623
2.536,0.202226501837377
2.537,0.202194061331952
2.538,0.202161739263367
2.539,0.202129535651637
2.54,0.202097450516767
2.541,0.202065483878757
2.542,0.2020336357576
2.543,0.202001906173279
2.544,0.201970295145772
2.545,0.201938802695049
2.546,0.201907428841069
2.547,0.201876173603786
2.548,0.201845037003143
2.549,0.201814019059076
2.55,0.201783119791513
2.551,0.201752339220368
2.552,0.201721677365552
2.553,0.201691134246962
2.554,0.201660709884486
2.555,0.201630404298004
2.556,0.201600217507384
2.557,0.201570149532483
2.558,0.201540200393149
2.559,0.201510370109217
2.56,0.201480658700514
2.561,0.201451066186852
2.562,0.201421592588034
2.563,0.201392237923849
2.564,0.201363002214076
2.565,0.201333885478481
2.566,0.201304887736815
2.567,0.201276009008819
2.568,0.201247249314221
2.569,0.201218608672733
2.57,0.201190087104055
2.571,0.201161684627873
2.572,0.201133401263859
2.573,0.20110523703167
2.574,0.201077191950949
2.575,0.201049266041323
2.576,0.201021459322403
2.577,0.200993771813788
2.578,0.200966203535057
2.579,0.200938754505774
2.58,0.20091142474549
2.581,0.200884214273733
2.582,0.200857123110019
2.583,0.200830151273846
2.584,0.200803298784692
2.585,0.200776565662019
2.586,0.20074995192527
2.587,0.20072345759387
2.588,0.200697082687226
2.589,0.200670827224723
2.59,0.20064469122573
2.591,0.200618674709593
2.592,0.200592777695641
2.593,0.200567000203179
2.594,0.200541342251495
2.595,0.200515803859854
2.596,0.200490385047498
2.597,0.200465085833651
2.598,0.200439906237511
2.599,0.200414846278256
2.6,0.200389905975041
2.601,0.200365085346996
2.602,0.20034038441323
2.603,0.200315803192827
2.604,0.200291341704847
2.605,0.200266999968324
2.606,0.200242778002269
2.607,0.200218675825667
2.608,0.200194693457477
2.609,0.200170830916632
2.61,0.20014708822204
2.611,0.200123465392579
2.612,0.200099962447103
2.613,0.200076579404437
2.614,0.200053316283378
2.615,0.200030173102695
2.616,0.200007149881128
2.617,0.199984246637388
2.618,0.199961463390156
2.619,0.199938800158084
2.62,0.199916256959792
2.621,0.199893833813871
2.622,0.199871530738881
2.623,0.199849347753347
2.624,0.199827284875767
2.625,0.199805342124601
2.626,0.199783519518282
2.627,0.199761817075205
2.628,0.199740234813733
2.629,0.199718772752195
2.63,0.199697430908885
2.631,0.199676209302062
2.632,0.19965510794995
2.633,0.199634126870735
2.634,0.199613266082571
2.635,0.199592525603569
2.636,0.199571905451808
2.637,0.199551405645325
2.638,0.199531026202123
2.639,0.199510767140162
2.64,0.199490628477366
2.641,0.199470610231618
2.642,0.19945071242076
2.643,0.199430935062594
2.644,0.199411278174882
2.645,0.199391741775343
2.646,0.199372325881654
2.647,0.199353030511449
2.648,0.19933385568232
2.649,0.199314801411814
2.65,0.199295867717435
2.651,0.199277054616641
2.652,0.199258362126847
2.653,0.19923979026542
2.654,0.199221339049681
2.655,0.199203008496906
2.656,0.199184798624321
2.657,0.199166709449107
2.658,0.199148740988395
2.659,0.199130893259266
2.66,0.199113166278754
2.661,0.199095560063842
2.662,0.199078074631461
2.663,0.199060709998493
2.664,0.199043466181766
2.665,0.199026343198059
2.666,0.199009341064095
2.667,0.198992459796545
2.668,0.198975699412025
2.669,0.198959059927098
2.67,0.198942541358271
2.671,0.198926143721995
2.672,0.198909867034666
2.673,0.19889371131262
2.674,0.198877676572139
2.675,0.198861762829444
2.676,0.1988459701007
2.677,0.198830298402011
2.678,0.19881474774942
2.679,0.198799318158911
2.68,0.198784009646408
2.681,0.198768822227769
2.682,0.198753755918793
2.683,0.198738810735216
2.684,0.198723986692708
2.685,0.198709283806876
2.686,0.198694702093261
2.687,0.198680241567341
2.688,0.198665902244523
2.689,0.198651684140151
2.69,0.1986375872695
2.691,0.198623611647776
2.692,0.198609757290116
2.693,0.19859602421159
2.694,0.198582412427193
2.695,0.198568921951852
2.696,0.198555552800422
2.697,0.198542304987685
2.698,0.198529178528349
2.699,0.198516173437051
2.7,0.198503289728349
2.701,0.19849052741673
2.702,0.198477886516603
2.703,0.1984653670423
2.704,0.198452969008077
2.705,0.19844069242811
2.706,0.198428537316496
2.707,0.198416503687256
2.708,0.198404591554326
2.709,0.198392800931564
2.71,0.198381131832744
2.711,0.198369584271559
2.712,0.198358158261618
2.713,0.198346853816446
2.714,0.198335670949482
2.715,0.198324609674082
2.716,0.198313670003511
2.717,0.198302851950952
2.718,0.198292155529496
2.719,0.198281580752148
2.72,0.198271127631821
2.721,0.198260796181339
2.722,0.198250586413434
2.723,0.198240498340746
2.724,0.198230531975824
2.725,0.198220687331121
2.726,0.198210964418995
2.727,0.198201363251712
2.728,0.198191883841439
2.729,0.198182526200248
2.73,0.19817329034011
2.731,0.198164176272901
2.732,0.198155184010395
2.733,0.198146313564267
2.734,0.19813756494609
2.735,0.198128938167335
2.736,0.19812043323937
2.737,0.198112050173461
2.738,0.198103788980765
2.739,0.198095649672338
2.74,0.198087632259126
2.741,0.19807973675197
2.742,0.198071963161602
2.743,0.198064311498643
2.744,0.198056781773608
2.745,0.198049373996895
2.746,0.198042088178797
2.747,0.198034924329488
2.748,0.198027882459032
2.749,0.198020962577376
2.75,0.198014164694354
2.751,0.198007488819681
2.752,0.198000934962955
2.753,0.197994503133655
2.754,0.197988193341143
2.755,0.197982005594657
2.756,0.197975939903316
2.757,0.197969996276117
2.758,0.19796417472193
2.759,0.197958475249506
2.76,0.197952897867467
2.761,0.197947442584308
2.762,0.1979421094084
2.763,0.197936898347983
2.764,0.197931809411169
2.765,0.197926842605939
2.766,0.197921997940142
2.767,0.197917275421496
2.768,0.197912675057584
2.769,0.197908196855856
2.77,0.197903840823627
2.771,0.197899606968072
2.772,0.197895495296231
2.773,0.197891505815006
2.774,0.197887638531158
2.775,0.197883893451306
2.776,0.197880270581929
2.777,0.197876769929362
2.778,0.197873391499797
2.779,0.19787013529928
2.78,0.19786700133371
2.781,0.19786398960884
2.782,0.197861100130274
2.783,0.197858332903467
2.784,0.197855687933722
2.785,0.19785316522619
2.786,0.197850764785871
2.787,0.19784848661761
2.788,0.197846330726095
2.789,0.197844297115861
2.79,0.197842385791282
2.791,0.197840596756575
2.792,0.197838930015797
2.793,0.197837385572845
2.794,0.197835963431451
2.795,0.197834663595187
2.796,0.197833486067457
2.797,0.197832430851501
2.798,0.197831497950393
2.799,0.197830687367037
2.8,0.197829999104168
2.801,0.197829433164351
2.802,0.197828989549978
2.803,0.19782866826327
2.804,0.197828469306272
2.805,0.197828392680853
2.806,0.197828438388706
2.807,0.197828606431347
2.808,0.197828896810111
2.809,0.197829309526152
2.81,0.197829844580445
2.811,0.197830501973779
2.812,0.197831281706761
2.813,0.197832183779808
2.814,0.197833208193156
2.815,0.197834354946847
2.816,0.197835624040738
2.817,0.197837015474492
2.818,0.197838529247581
2.819,0.197840165359284
2.82,0.197841923808683
2.821,0.197843804594666
2.822,0.197845807715923
2.823,0.197847933170943
2.824,0.197850180958017
2.825,0.197852551075233
2.826,0.197855043520478
2.827,0.197857658291432
2.828,0.197860395385571
2.829,0.197863254800162
2.83,0.197866236532265
2.831,0.197869340578731
2.832,0.197872566936196
2.833,0.197875915601086
2.834,0.197879386569613
2.835,0.197882979837772
2.836,0.197886695401342
2.837,0.197890533255881
2.838,0.197894493396731
2.839,0.197898575819009
2.84,0.197902780517611
2.841,0.197907107487207
2.842,0.197911556722245
2.843,0.19791612821694
2.844,0.197920821965284
2.845,0.197925637961033
2.846,0.197930576197716
2.847,0.197935636668627
2.848,0.197940819366823
2.849,0.197946124285128
2.85,0.197951551416127
2.851,0.197957100752164
2.852,0.197962772285345
2.853,0.19796856600753
2.854,0.197974481910338
2.855,0.197980519985141
2.856,0.197986680223063
2.857,0.197992962614982
2.858,0.197999367151523
2.859,0.19800589382306
2.86,0.198012542619713
2.861,0.198019313531348
2.862,0.198026206547573
2.863,0.198033221657738
2.864,0.198040358850934
2.865,0.198047618115989
2.866,0.19805499944147
2.867,0.198062502815674
2.868,0.198070128226638
2.869,0.198077875662127
2.87,0.198085745109636
2.871,0.198093736556391
2.872,0.198101849989341
2.873,0.198110085395163
2.874,0.198118442760256
2.875,0.198126922070743
2.876,0.198135523312463
2.877,0.198144246470977
2.878,0.198153091531561
2.879,0.198162058479205
2.88,0.198171147298613
2.881,0.1981803579742
2.882,0.198189690490091
2.883,0.19819914483012
2.884,0.198208720977824
2.885,0.198218418916446
2.886,0.198228238628932
2.887,0.198238180097927
2.888,0.198248243305777
2.889,0.198258428234525
2.89,0.198268734865906
2.891,0.198279163181353
2.892,0.198289713161987
2.893,0.198300384788621
2.894,0.198311178041755
2.895,0.198322092901575
2.896,0.198333129347953
2.897,0.19834428736044
2.898,0.198355566918271
2.899,0.198366968000358
2.9,0.19837849058529
2.901,0.198390134651329
2.902,0.198401900176414
2.903,0.198413787138152
2.904,0.19842579551382
2.905,0.198437925280361
2.906,0.198450176414386
2.907,0.198462548892167
2.908,0.198475042689638
2.909,0.198487657782393
2.91,0.198500394145682
2.911,0.198513251754412
2.912,0.198526230583144
2.913,0.198539330606088
2.914,0.198552551797106
2.915,0.198565894129706
2.916,0.198579357577042
2.917,0.198592942111912
2.918,0.198606647706755
2.919,0.19862047433365
2.92,0.198634421964311
2.921,0.198648490570092
2.922,0.198662680121975
2.923,0.198676990590577
2.924,0.198691421946143
2.925,0.198705974158544
2.926,0.198720647197278
2.927,0.198735441031464
2.928,0.198750355629843
2.929,0.198765390960775
2.93,0.198780546992234
2.931,0.198795823691811
2.932,0.198811221026709
2.933,0.198826738963739
2.934,0.198842377469324
2.935,0.198858136509488
2.936,0.198874016049861
2.937,0.198890016055677
2.938,0.198906136491764
2.939,0.198922377322551
2.94,0.19893873851206
2.941,0.198955220023908
2.942,0.198971821821298
2.943,0.198988543867026
2.944,0.199005386123471
2.945,0.199022348552597
2.946,0.199039431115949
2.947,0.199056633774652
2.948,0.199073956489406
2.949,0.199091399220489
2.95,0.199108961927747
2.951,0.1991266445706
2.952,0.199144447108034
2.953,0.199162369498601
2.954,0.199180411700415
2.955,0.199198573671152
2.956,0.199216855368048
2.957,0.199235256747891
2.958,0.199253777767027
2.959,0.19927241838135
2.96,0.199291178546307
2.961,0.199310058216887
2.962,0.199329057347628
2.963,0.199348175892606
2.964,0.199367413805439
2.965,0.199386771039282
2.966,0.199406247546822
2.967,0.199425843280283
2.968,0.199445558191414
2.969,0.199465392231494
2.97,0.199485345351327
2.971,0.199505417501238
2.972,0.199525608631074
2.973,0.199545918690197
2.974,0.199566347627486
2.975,0.199586895391333
2.976,0.199607561929638
2.977,0.19962834718981
2.978,0.199649251118762
2.979,0.199670273662911
2.98,0.199691414768171
2.981,0.199712674379957
2.982,0.199734052443177
2.983,0.19975554890223
2.984,0.199777163701008
2.985,0.199798896782887
2.986,0.199820748090729
2.987,0.199842717566878
2.988,0.199864805153157
2.989,0.199887010790865
2.99,0.199909334420776
2.991,0.199931775983135
2.992,0.199954335417657
2.993,0.199977012663521
2.994,0.199999807659371
2.995,0.200022720343312
2.996,0.200045750652906
2.997,0.200068898525172
2.998,0.20009216389658
2.999,0.200115546703051
3,0.200139046879953
